Handle,Title,Body (HTML),Vendor,Type,Tags,Published,Option1 Name,Option1 Value,Option2 Name,Option2 Value,Option3 Name,Option3 Value,Variant SKU,Variant Grams,Variant Inventory Tracker,Variant Inventory Qty,Variant Inventory Policy,Variant Fulfillment Service,Variant Price,Variant Compare At Price,Variant Requires Shipping,Variant Taxable,Variant Barcode,Image Src,Image Position,Image Alt Text,Gift Card,SEO Title,SEO Description,Google Shopping / Google Product Category,Google Shopping / Gender,Google Shopping / Age Group,Google Shopping / MPN,Google Shopping / AdWords Grouping,Google Shopping / AdWords Labels,Google Shopping / Condition,Google Shopping / Custom Product,Google Shopping / Custom Label 0,Google Shopping / Custom Label 1,Google Shopping / Custom Label 2,Google Shopping / Custom Label 3,Google Shopping / Custom Label 4,Variant Image,Variant Weight Unit,Variant Tax Code,Cost per item,Status
vans-authentic-lo-pro-burgandy-white,VANS |AUTHENTIC | LO PRO | BURGANDY/WHITE,"<p>The forefather of the Vans family, the original Vans Authentic was introduced in 1966 and nearly 4 decades later is still going strong, its popularity extending from the original fans - skaters and surfers to all sorts. Now remodeled into a low top lace-up with a slim silhouette, the Vans Authentic Lo Pro features sturdy canvas uppers with lower sidewalls, metal eyelets, and low profile mini waffle outsoles for a lightweight feel.</p>",VANS,SHOES,"egnition-sample-data, men, sale, summer, vans",true,Size,4,Color,burgandy,,,VN-01-burgandy-4,0.0,shopify,18,deny,manual,29.00,99.95,true,true,,https://cdn.shopify.com/s/files/1/0578/5069/1767/products/9f190cba7218c819c81566bca6298c6a.jpg?v=1623860377,1,,false,,,,,,,,,,,,,,,,,lb,,,active
vans-authentic-lo-pro-burgandy-white,,,,,,,,5,,burgandy,,,VN-01-burgandy-5,0.0,shopify,2,deny,manual,29.00,99.95,true,true,,https://cdn.shopify.com/s/files/1/0578/5069/1767/products/57a6013d4b24210dd35456e5890e9a2e.jpg?v=1623860377,2,,,,,,,,,,,,,,,,,,,lb,,,
vans-authentic-lo-pro-burgandy-white,,,,,,,,10,,burgandy,,,VN-01-burgandy-10,0.0,shopify,12,deny,manual,29.00,99.95,true,true,,https://cdn.shopify.com/s/files/1/0578/5069/1767/products/10835069b66a4a8ffc47febc6e88aee7.jpg?v=1623860377,3,,,,,,,,,,,,,,,,,,,lb,,,
vans-authentic-lo-pro-burgandy-white,,,,,,,,,,,,,,,,,,,,,,,,https://cdn.shopify.com/s/files/1/0578/5069/1767/products/81ae3a034de733944fd314f6d27c844f.jpg?v=1623860377,4,,,,,,,,,,,,,,,,,,,,,,
vans-authentic-lo-pro-burgandy-white,,,,,,,,,,,,,,,,,,,,,,,,https://cdn.shopify.com/s/files/1/0578/5069/1767/products/1580fdd3164d608c47a5d7d6eccbf4cc.jpg?v=1623860377,5,,,,,,,,,,,,,,,,,,,,,,
vans-authentic-multi-eyelets-gradient-crimson,VANS | AUTHENTIC | (MULTI EYELETS) | GRADIENT/CRIMSON,"<p>The forefather of the Vans family, the Vans Authentic was introduced in 1966 and nearly 4 decades later is still going strong, its popularity extending from the original fans - skaters and surfers to all sorts. The Vans Authentic is constructed from canvas and Vans' signature waffle outsole construction.</p>",VANS,SHOES,"egnition-sample-data, men, summer, vans",true,Size,5,Color,red,,,VN-02-red-5,0.0,shopify,17,deny,manual,99.95,,true,true,,https://cdn.shopify.com/s/files/1/0578/5069/1767/products/d841f71ea6845bf6005453e15a18c632.jpg?v=1623860372,1,,false,,,,,,,,,,,,,,,,,lb,,,active
vans-authentic-multi-eyelets-gradient-crimson,,,,,,,,6,,red,,,VN-02-red-6,0.0,shopify,5,deny,manual,99.95,,true,true,,https://cdn.shopify.com/s/files/1/0578/5069/1767/products/3b606f0309eac2cc095a912eb26d7c73.jpg?v=1623860372,2,,,,,,,,,,,,,,,,,,,lb,,,
vans-authentic-multi-eyelets-gradient-crimson,,,,,,,,7,,red,,,VN-02-red-7,0.0,shopify,5,deny,manual,99.95,,true,true,,https://cdn.shopify.com/s/files/1/0578/5069/1767/products/364ba59021acf686e6da73715e110f39.jpg?v=1623860372,3,,,,,,,,,,,,,,,,,,,lb,,,
vans-authentic-multi-eyelets-gradient-crimson,,,,,,,,8,,red,,,VN-02-red-8,0.0,shopify,2,deny,manual,99.95,,true,true,,https://cdn.shopify.com/s/files/1/0578/5069/1767/products/be935fef3876ebfdd8e3f0760406d363.jpg?v=1623860372,4,,,,,,,,,,,,,,,,,,,lb,,,
vans-authentic-multi-eyelets-gradient-crimson,,,,,,,,9,,red,,,VN-02-red-9,0.0,shopify,15,deny,manual,99.95,,true,true,,https://cdn.shopify.com/s/files/1/0578/5069/1767/products/240a66624494c29907de282b681e33e3.jpg?v=1623860372,5,,,,,,,,,,,,,,,,,,,lb,,,
vans-authentic-butterfly-true-white-black,VANS | AUTHENTIC (BUTTERFLY) TRUE | WHITE / BLACK,"<p>The forefather of the Vans family, the Vans Authentic was introduced in 1966 and nearly 4 decades later is still going strong, its popularity extending from the original fans - skaters and surfers to all sorts. The Vans Authentic is constructed from canvas and Vans' signature waffle outsole construction.</p>",VANS,SHOES,"egnition-sample-data, men, summer, vans",true,Size,4,Color,white,,,VN-03-white-4,0.0,shopify,2,deny,manual,109.95,,true,true,,https://cdn.shopify.com/s/files/1/0578/5069/1767/products/883c6488076367d30ddd8481164ec7e2.jpg?v=1623860367,1,,false,,,,,,,,,,,,,,,,,lb,,,active
vans-authentic-butterfly-true-white-black,,,,,,,,5,,white,,,VN-03-white-5,0.0,shopify,1,deny,manual,109.95,,true,true,,https://cdn.shopify.com/s/files/1/0578/5069/1767/products/97f3ba542625b7e4fe30c276b8bf66a0.jpg?v=1623860367,2,,,,,,,,,,,,,,,,,,,lb,,,
vans-authentic-butterfly-true-white-black,,,,,,,,6,,white,,,VN-03-white-6,0.0,shopify,12,deny,manual,109.95,,true,true,,https://cdn.shopify.com/s/files/1/0578/5069/1767/products/f42609d166105b49504e80f4bc612a53.jpg?v=1623860367,3,,,,,,,,,,,,,,,,,,,lb,,,
vans-authentic-butterfly-true-white-black,,,,,,,,7,,white,,,VN-03-white-7,0.0,shopify,8,deny,manual,109.95,,true,true,,https://cdn.shopify.com/s/files/1/0578/5069/1767/products/e60d1540185ee255777337253ca2c12c.jpg?v=1623860367,4,,,,,,,,,,,,,,,,,,,lb,,,
vans-authentic-butterfly-true-white-black,,,,,,,,8,,white,,,VN-03-white-8,0.0,shopify,8,deny,manual,109.95,,true,true,,https://cdn.shopify.com/s/files/1/0578/5069/1767/products/0e58afcbaca0ca4565c195d678d1619f.jpg?v=1623860367,5,,,,,,,,,,,,,,,,,,,lb,,,
vans-authentic-butterfly-true-white-black,,,,,,,,9,,white,,,VN-03-white-9,0.0,shopify,7,deny,manual,109.95,,true,true,,,,,,,,,,,,,,,,,,,,,,lb,,,
vans-era-59-moroccan-geo-dress-blues,"VANS | 
ERA 59 MOROCCAN | GEO/DRESS BLUES","<p>Vans are a staple in skate culture and street style, and the Vans Era 59 is no exception. This classic lace-up skate shoe is focused on ultimate comfort and cool. Constructed from canvas with leather accents which sets it apart from the original Era, it features a soft footbed, double stitched vamp, a padded tongue and lining, as well as Vans' signature waffle sole.</p>",VANS,SHOES,"egnition-sample-data, men, summer, vans",true,Size,8,Color,blue,,,VN-04-blue-8,0.0,shopify,20,deny,manual,119.95,,true,true,,https://cdn.shopify.com/s/files/1/0578/5069/1767/products/7902bf65776d504e75f86c8e8781d802.jpg?v=1623860361,1,,false,,,,,,,,,,,,,,,,,lb,,,active
vans-era-59-moroccan-geo-dress-blues,,,,,,,,9,,blue,,,VN-04-blue-9,0.0,shopify,16,deny,manual,119.95,,true,true,,https://cdn.shopify.com/s/files/1/0578/5069/1767/products/7e4ed4d7bcaacd26e7f097b409482b69.jpg?v=1623860361,2,,,,,,,,,,,,,,,,,,,lb,,,
vans-era-59-moroccan-geo-dress-blues,,,,,,,,10,,blue,,,VN-04-blue-10,0.0,shopify,7,deny,manual,119.95,,true,true,,https://cdn.shopify.com/s/files/1/0578/5069/1767/products/c949bf0d87f8b78d40168b5151722e85.jpg?v=1623860361,3,,,,,,,,,,,,,,,,,,,lb,,,
vans-era-59-moroccan-geo-dress-blues,,,,,,,,13,,blue,,,VN-04-blue-13,0.0,shopify,2,deny,manual,119.95,,true,true,,https://cdn.shopify.com/s/files/1/0578/5069/1767/products/e7c08b210a216180cf2fd67db48a2f00.jpg?v=1623860361,4,,,,,,,,,,,,,,,,,,,lb,,,
vans-era-59-moroccan-geo-dress-blues,,,,,,,,,,,,,,,,,,,,,,,,https://cdn.shopify.com/s/files/1/0578/5069/1767/products/38477bb8d671b64c9609744176e6f1fc.jpg?v=1623860361,5,,,,,,,,,,,,,,,,,,,,,,
vans-sk8-hi-decon-cutout-leaves-white,VANS | SK8-HI DECON (CUTOUT)| LEAVES/WHITE,<p>The Vans Cut Out Sk8-Hi Decon brings a twist to the iconic Vans Sk8-Hi silhouette: a new deconstructed leather high-top upper with a custom die cut design that lets the material shape on its own accord without much structural constriction. It also features signature rubber waffle outsoles.</p>,VANS,SHOES,"autumn, egnition-sample-data, men, spring, summer, vans",true,Size,4,Color,white,,,"VN-05
-white-4",0.0,shopify,1,deny,manual,179.95,,true,true,,https://cdn.shopify.com/s/files/1/0578/5069/1767/products/327cd936d9a9c409cd8b36987158013f.jpg?v=1623860356,1,,false,,,,,,,,,,,,,,,,,lb,,,active
vans-sk8-hi-decon-cutout-leaves-white,,,,,,,,5,,white,,,"VN-05
-white-5",0.0,shopify,6,deny,manual,179.95,,true,true,,https://cdn.shopify.com/s/files/1/0578/5069/1767/products/3b4c16b45a527577c1593577e61e3582.jpg?v=1623860356,2,,,,,,,,,,,,,,,,,,,lb,,,
vans-sk8-hi-decon-cutout-leaves-white,,,,,,,,6,,white,,,"VN-05
-white-6",0.0,shopify,19,deny,manual,179.95,,true,true,,https://cdn.shopify.com/s/files/1/0578/5069/1767/products/95d47d370756e9b154d4c501f8320e38.jpg?v=1623860356,3,,,,,,,,,,,,,,,,,,,lb,,,
vans-sk8-hi-decon-cutout-leaves-white,,,,,,,,7,,white,,,"VN-05
-white-7",0.0,shopify,9,deny,manual,179.95,,true,true,,https://cdn.shopify.com/s/files/1/0578/5069/1767/products/c461facd876a1d239856452e67eb6eca.jpg?v=1623860356,4,,,,,,,,,,,,,,,,,,,lb,,,
vans-sk8-hi-decon-cutout-leaves-white,,,,,,,,8,,white,,,"VN-05
-white-8",0.0,shopify,10,deny,manual,179.95,,true,true,,https://cdn.shopify.com/s/files/1/0578/5069/1767/products/3b86153167fd83f23d8439ce2915dbea.jpg?v=1623860356,5,,,,,,,,,,,,,,,,,,,lb,,,
vans-sk8-hi-decon-cutout-leaves-white,,,,,,,,9,,white,,,"VN-05
-white-9",0.0,shopify,5,deny,manual,179.95,,true,true,,,,,,,,,,,,,,,,,,,,,,lb,,,
vans-sk8-hi-decon-cutout-leaves-white,,,,,,,,10,,white,,,"VN-05
-white-10",0.0,shopify,8,deny,manual,179.95,,true,true,,,,,,,,,,,,,,,,,,,,,,lb,,,
palladium-pallatech-hi-tx-chevron,PALLADIUM | PALLATECH HI TX | CHEVRON,"<p>The Palladium iconic classic receives a subtle, yet stylish update. The Pallatech Hi TX features a full grain leather upper with cotton canvas and soft cuff around the collar, providing even more comfort. The boot is finished with a single-unit molded rubber outsole, offering excellent traction while exploring your city. The EVA-cushioned footbed and hugging heel cup cradle the foot for lasting support.</p>",PALLADIUM,SHOES,"egnition-sample-data, men, palladium, winter",true,Size,9,Color,red,,,"PAL-01
-red-9",0.0,shopify,3,deny,manual,159.95,,true,true,,https://cdn.shopify.com/s/files/1/0578/5069/1767/products/09ba62adafa6de79108792f1e5467f6e.jpg?v=1623860351,1,,false,,,,,,,,,,,,,,,,,lb,,,active
palladium-pallatech-hi-tx-chevron,,,,,,,,10,,red,,,"PAL-01
-red-10",0.0,shopify,2,deny,manual,159.95,,true,true,,https://cdn.shopify.com/s/files/1/0578/5069/1767/products/6996e186647807bebac34facded1b121.jpg?v=1623860351,2,,,,,,,,,,,,,,,,,,,lb,,,
palladium-pallatech-hi-tx-chevron,,,,,,,,12,,red,,,"PAL-01
-red-12",0.0,shopify,6,deny,manual,159.95,,true,true,,https://cdn.shopify.com/s/files/1/0578/5069/1767/products/a800346484623127603c77b6ad2d6237.jpg?v=1623860351,3,,,,,,,,,,,,,,,,,,,lb,,,
palladium-pallatech-hi-tx-chevron,,,,,,,,,,,,,,,,,,,,,,,,https://cdn.shopify.com/s/files/1/0578/5069/1767/products/916ee4322e17f26d06193fec211e2378.jpg?v=1623860351,4,,,,,,,,,,,,,,,,,,,,,,
palladium-pallatech-hi-tx-chevron,,,,,,,,,,,,,,,,,,,,,,,,https://cdn.shopify.com/s/files/1/0578/5069/1767/products/7b92aa501b2b0a8f5f5b8b8ad2b4a7a5.jpg?v=1623860351,5,,,,,,,,,,,,,,,,,,,,,,
asics-tiger-gel-lyte-v-30-years-of-gel-pack,ASICS TIGER | GEL-LYTE V '30 YEARS OF GEL' PACK,"<p>The iconic ASICS Tiger GEL-Lyte III was originally released in 1990. Having over two decades of performance heritage, it offers fine design detailing and a padded split tongue to eliminate tongue movement, built on a sleek silhouette. It comes as no surprise the Gel-Lyte III is a fast growing popular choice for sneaker enthusiasts all over the world.</p>",ASICS TIGER,SHOES,"asics-tiger, autumn, egnition-sample-data, men, spring",true,Size,4,Color,black,,,AsTi-01-black-4,0.0,shopify,10,deny,manual,220.00,,true,true,,https://cdn.shopify.com/s/files/1/0578/5069/1767/products/343bfbfc1a10a39a528a3d34367669c2.jpg?v=1623860346,1,,false,,,,,,,,,,,,,,,,,lb,,,active
asics-tiger-gel-lyte-v-30-years-of-gel-pack,,,,,,,,8,,black,,,AsTi-01-black-8,0.0,shopify,10,deny,manual,220.00,,true,true,,https://cdn.shopify.com/s/files/1/0578/5069/1767/products/548e71e82d4b2d3bdd2b739b4872edc9.jpg?v=1623860346,2,,,,,,,,,,,,,,,,,,,lb,,,
asics-tiger-gel-lyte-v-30-years-of-gel-pack,,,,,,,,14,,black,,,AsTi-01-black-14,0.0,shopify,9,deny,manual,220.00,,true,true,,https://cdn.shopify.com/s/files/1/0578/5069/1767/products/92b18b29e25d47479716de9da45c6f11.jpg?v=1623860346,3,,,,,,,,,,,,,,,,,,,lb,,,
asics-tiger-gel-lyte-v-30-years-of-gel-pack,,,,,,,,,,,,,,,,,,,,,,,,https://cdn.shopify.com/s/files/1/0578/5069/1767/products/849cb34b82473241efdfcf60f9106452.jpg?v=1623860346,4,,,,,,,,,,,,,,,,,,,,,,
asics-tiger-gel-lyte-v-30-years-of-gel-pack,,,,,,,,,,,,,,,,,,,,,,,,https://cdn.shopify.com/s/files/1/0578/5069/1767/products/262cb366636c10febf8b843a1d0853c5.jpg?v=1623860346,5,,,,,,,,,,,,,,,,,,,,,,
puma-suede-classic-regal,PUMA | SUEDE CLASSIC REGAL,"<p>First introduced in 1968, the Puma Suede Classic is Puma's most epic sneaker with its athletic inspired design and smooth suede. The Puma Suede Classic Regal Red/White is constructed with a suede upper and contrasting low profile rubber sole, and fat laces, the classic continues to make its mark on the streets today.</p>",PUMA,SHOES,"egnition-sample-data, men, puma, summer",true,Size,5,Color,red,,,PM-01-red-5,0.0,shopify,16,deny,manual,110.00,,true,true,,https://cdn.shopify.com/s/files/1/0578/5069/1767/products/e7a2b189514d134630552681e4c8bc07.jpg?v=1623860341,1,,false,,,,,,,,,,,,,,,,,lb,,,active
puma-suede-classic-regal,,,,,,,,6,,red,,,PM-01-red-6,0.0,shopify,15,deny,manual,110.00,,true,true,,https://cdn.shopify.com/s/files/1/0578/5069/1767/products/5fe3e1be9e0d18d258b82926ae85b615.jpg?v=1623860341,2,,,,,,,,,,,,,,,,,,,lb,,,
puma-suede-classic-regal,,,,,,,,7,,red,,,PM-01-red-7,0.0,shopify,11,deny,manual,110.00,,true,true,,https://cdn.shopify.com/s/files/1/0578/5069/1767/products/ecea2098a51def12d369589555d311b8.jpg?v=1623860341,3,,,,,,,,,,,,,,,,,,,lb,,,
puma-suede-classic-regal,,,,,,,,8,,red,,,PM-01-red-8,0.0,shopify,0,deny,manual,110.00,,true,true,,https://cdn.shopify.com/s/files/1/0578/5069/1767/products/0507c91ca02c25cbadad6a2b0e01c914.jpg?v=1623860341,4,,,,,,,,,,,,,,,,,,,lb,,,
puma-suede-classic-regal,,,,,,,,,,,,,,,,,,,,,,,,https://cdn.shopify.com/s/files/1/0578/5069/1767/products/a9395927d8bbeb473d8d51156f730f21.jpg?v=1623860341,5,,,,,,,,,,,,,,,,,,,,,,
supra-mens-vaider,SUPRA | MENS VAIDER,<p>Supra introduces the Vaider. A stylishly designed high top upper on a vulcanized sole that supplies excellent traction and board feel. A padded collar and tongue lining provide superior comfort</p>,SUPRA,SHOES,"autumn, egnition-sample-data, men, spring, summer, supra",true,Size,9,Color,gray,,,su-01-gray-9,0.0,shopify,0,deny,manual,169.95,,true,true,,https://cdn.shopify.com/s/files/1/0578/5069/1767/products/401f6d6c355012d9eb8749feda025256.jpg?v=1623860336,1,,false,,,,,,,,,,,,,,,,,lb,,,active
supra-mens-vaider,,,,,,,,10,,gray,,,su-01-gray-10,0.0,shopify,1,deny,manual,169.95,,true,true,,https://cdn.shopify.com/s/files/1/0578/5069/1767/products/2b2fdffdc54e25749cffcc79cc55064a.jpg?v=1623860336,2,,,,,,,,,,,,,,,,,,,lb,,,
supra-mens-vaider,,,,,,,,11,,gray,,,su-01-gray-11,0.0,shopify,15,deny,manual,169.95,,true,true,,https://cdn.shopify.com/s/files/1/0578/5069/1767/products/b34a89dd1559c69852bd8268db4ed9e2.jpg?v=1623860336,3,,,,,,,,,,,,,,,,,,,lb,,,
supra-mens-vaider,,,,,,,,12,,gray,,,su-01-gray-12,0.0,shopify,2,deny,manual,169.95,,true,true,,https://cdn.shopify.com/s/files/1/0578/5069/1767/products/ae9ae979b6a39043dead233f0b95c469.jpg?v=1623860336,4,,,,,,,,,,,,,,,,,,,lb,,,
supra-mens-vaider,,,,,,,,,,,,,,,,,,,,,,,,https://cdn.shopify.com/s/files/1/0578/5069/1767/products/d4a80c3f805447df25a794dafa25a8ac.jpg?v=1623860336,5,,,,,,,,,,,,,,,,,,,,,,
adidas-superstar-80s,ADIDAS | SUPERSTAR 80S,"<p>There's a shell toe for every season, and the adidas Originals Superstar 80s shoes have a full grain leather upper with a shiny badge on the tongue that makes these shoes ready for any time of year.</p>",ADIDAS,SHOES,"adidas, autumn, egnition-sample-data, men, spring, summer",true,Size,5,Color,white,,,AD-01-white-5,0.0,shopify,19,deny,manual,170.00,,true,true,,https://cdn.shopify.com/s/files/1/0578/5069/1767/products/44694ee386818f3276566210464cf341-removebg-preview.png?v=1624473856,1,,false,,,,,,,,,,,,,,,,,lb,,,active
adidas-superstar-80s,,,,,,,,6,,white,,,AD-01-white-6,0.0,shopify,16,deny,manual,170.00,,true,true,,https://cdn.shopify.com/s/files/1/0578/5069/1767/products/b5176e5151cdf20d15cff3f551274753-removebg-preview.png?v=1624473856,2,,,,,,,,,,,,,,,,,,,lb,,,
adidas-superstar-80s,,,,,,,,7,,white,,,AD-01-white-7,0.0,shopify,10,deny,manual,170.00,,true,true,,https://cdn.shopify.com/s/files/1/0578/5069/1767/products/015219de8a5be46a3b0a7b9089112d74-removebg-preview.png?v=1624473856,3,,,,,,,,,,,,,,,,,,,lb,,,
adidas-superstar-80s,,,,,,,,9,,white,,,AD-01-white-9,0.0,shopify,5,deny,manual,170.00,,true,true,,https://cdn.shopify.com/s/files/1/0578/5069/1767/products/6eb0aa9fdb271e5954b2f0d09a0640e4-removebg-preview.png?v=1624473856,4,,,,,,,,,,,,,,,,,,,lb,,,
adidas-superstar-80s,,,,,,,,10,,white,,,AD-01-white-10,0.0,shopify,5,deny,manual,170.00,,true,true,,https://cdn.shopify.com/s/files/1/0578/5069/1767/products/e8490702c423e6c62d356cace500822f-removebg-preview.png?v=1624473854,5,,,,,,,,,,,,,,,,,,,lb,,,
adidas-superstar-80s,,,,,,,,11,,white,,,AD-01-white-11,0.0,shopify,18,deny,manual,170.00,,true,true,,,,,,,,,,,,,,,,,,,,,,lb,,,
adidas-superstar-80s,,,,,,,,12,,white,,,AD-01-white-12,0.0,shopify,18,deny,manual,170.00,,true,true,,,,,,,,,,,,,,,,,,,,,,lb,,,
vans-era-59-desert-cowboy,VANS | ERA 59 (DESERT COWBOY),"<p>Vans are a staple in skate culture and street style, and the Vans Era 59 is no exception. This classic lace-up skate shoe is focused on ultimate comfort and cool. Constructed from canvas with leather accents which sets it apart from the original Era, it features a soft footbed, double stitched vamp, a padded tongue and lining, as well as Vans' signature waffle sole.</p>",VANS,SHOES,"egnition-sample-data, men, summer, vans",true,Size,9,Color,light_brown,,,VN-06-light_brown-9,0.0,shopify,17,deny,manual,109.95,,true,true,,https://cdn.shopify.com/s/files/1/0578/5069/1767/products/b6257e8a4b6a5805da251cb090a82b09.jpg?v=1623860325,1,,false,,,,,,,,,,,,,,,,,lb,,,active
vans-era-59-desert-cowboy,,,,,,,,10,,light_brown,,,VN-06-light_brown-10,0.0,shopify,14,deny,manual,109.95,,true,true,,https://cdn.shopify.com/s/files/1/0578/5069/1767/products/d025a70b9e83bf6749e31faffbf0eda2.jpg?v=1623860325,2,,,,,,,,,,,,,,,,,,,lb,,,
vans-era-59-desert-cowboy,,,,,,,,11,,light_brown,,,VN-06-light_brown-11,0.0,shopify,7,deny,manual,109.95,,true,true,,https://cdn.shopify.com/s/files/1/0578/5069/1767/products/aff688191f200039ff779e53441f786e.jpg?v=1623860325,3,,,,,,,,,,,,,,,,,,,lb,,,
vans-era-59-desert-cowboy,,,,,,,,12,,light_brown,,,VN-06-light_brown-12,0.0,shopify,12,deny,manual,109.95,,true,true,,https://cdn.shopify.com/s/files/1/0578/5069/1767/products/dad6dc6854fa34fc6c3a653283b72fa8.jpg?v=1623860325,4,,,,,,,,,,,,,,,,,,,lb,,,
vans-era-59-desert-cowboy,,,,,,,,13,,light_brown,,,VN-06-light_brown-13,0.0,shopify,0,deny,manual,109.95,,true,true,,https://cdn.shopify.com/s/files/1/0578/5069/1767/products/4082c622251534264e7eedf8f34682f8.jpg?v=1623860325,5,,,,,,,,,,,,,,,,,,,lb,,,
vans-sh-8-hi,VANS | SH-8 HI,"<p>Vans are a staple in skate culture and street style, and this skate sneaker is no exception. Introduced in the early 70's, the Vans SK8 Hi was responsible for the reduced number of ankle injuries in the skating scene with the extra padded ankle support, but its popularity has grown across different cultural scenes. The Vans SK8 Hi True White is constructed from a combination of canvas and suede and features the signature side stripe detail and vulcanized waffle sole. Available in a range of colours.</p>",VANS,SHOES,"autumn, egnition-sample-data, men, spring, vans",true,Size,4,Color,black,,,VN-07-black-4,0.0,shopify,18,deny,manual,129.95,,true,true,,https://cdn.shopify.com/s/files/1/0578/5069/1767/products/4e151d7b538e5aba66295f3a5d67b1f4.jpg?v=1623860319,1,,false,,,,,,,,,,,,,,,,,lb,,,active
vans-sh-8-hi,,,,,,,,5,,black,,,VN-07-black-5,0.0,shopify,20,deny,manual,129.95,,true,true,,https://cdn.shopify.com/s/files/1/0578/5069/1767/products/e4f442f26b28594da101d152538d50d2.jpg?v=1623860319,2,,,,,,,,,,,,,,,,,,,lb,,,
vans-sh-8-hi,,,,,,,,6,,black,,,VN-07-black-6,0.0,shopify,9,deny,manual,129.95,,true,true,,https://cdn.shopify.com/s/files/1/0578/5069/1767/products/c33f5349bfd035c332b547fc332060bb.jpg?v=1623860319,3,,,,,,,,,,,,,,,,,,,lb,,,
vans-sh-8-hi,,,,,,,,7,,black,,,VN-07-black-7,0.0,shopify,10,deny,manual,129.95,,true,true,,https://cdn.shopify.com/s/files/1/0578/5069/1767/products/57379e1ebd610e5938fc62a64c800d36.jpg?v=1623860319,4,,,,,,,,,,,,,,,,,,,lb,,,
vans-sh-8-hi,,,,,,,,8,,black,,,VN-07-black-8,0.0,shopify,2,deny,manual,129.95,,true,true,,https://cdn.shopify.com/s/files/1/0578/5069/1767/products/f04a0ae799824ed5458e4f8c22691354.jpg?v=1623860319,5,,,,,,,,,,,,,,,,,,,lb,,,
vans-sh-8-hi,,,,,,,,9,,black,,,VN-07-black-9,0.0,shopify,12,deny,manual,129.95,,true,true,,,,,,,,,,,,,,,,,,,,,,lb,,,
vans-sh-8-hi,,,,,,,,10,,black,,,VN-07-black-10,0.0,shopify,15,deny,manual,129.95,,true,true,,,,,,,,,,,,,,,,,,,,,,lb,,,
vans-sh-8-hi,,,,,,,,11,,black,,,VN-07-black-11,0.0,shopify,11,deny,manual,129.95,,true,true,,,,,,,,,,,,,,,,,,,,,,lb,,,
vans-sh-8-hi,,,,,,,,12,,black,,,VN-07-black-12,0.0,shopify,16,deny,manual,129.95,,true,true,,,,,,,,,,,,,,,,,,,,,,lb,,,
vans-sh-8-hi,,,,,,,,14,,black,,,VN-07-black-14,0.0,shopify,13,deny,manual,129.95,,true,true,,,,,,,,,,,,,,,,,,,,,,lb,,,
vans-old-skool-butterfly-true-white-black,VANS | OLD SKOOL (BUTTERFLY) TRUE WHITE | BLACK,"<p>Vans are a staple in skate culture and street style, and this skate sneaker is no exception. Introduced in 1977, the Vans Old Skool sneaker is a classic in the Vans collection. Full of attitude, the Old Skool is durable and lightweight, and can give the other boys in the collection a run for its money. Constructed from canvas, The Vans Old Skool features contrasting suede panels along the toe and heel, plus the iconic stripe along the side of the shoe, and sits over a chunky midsole.</p>",VANS,SHOES,"egnition-sample-data, men, summer, vans",true,Size,4,Color,white,,,VN-08-white-4,0.0,shopify,17,deny,manual,129.95,,true,true,,https://cdn.shopify.com/s/files/1/0578/5069/1767/products/cd759395d74526f72c3b0c43c91b4220.jpg?v=1623860314,1,,false,,,,,,,,,,,,,,,,,lb,,,active
vans-old-skool-butterfly-true-white-black,,,,,,,,5,,white,,,VN-08-white-5,0.0,shopify,14,deny,manual,129.95,,true,true,,https://cdn.shopify.com/s/files/1/0578/5069/1767/products/b9434ec4984a3979f568d71eebec38be.jpg?v=1623860314,2,,,,,,,,,,,,,,,,,,,lb,,,
vans-old-skool-butterfly-true-white-black,,,,,,,,6,,white,,,VN-08-white-6,0.0,shopify,20,deny,manual,129.95,,true,true,,https://cdn.shopify.com/s/files/1/0578/5069/1767/products/4921245d10cca7aa239256cbec46be20.jpg?v=1623860314,3,,,,,,,,,,,,,,,,,,,lb,,,
vans-old-skool-butterfly-true-white-black,,,,,,,,7,,white,,,VN-08-white-7,0.0,shopify,1,deny,manual,129.95,,true,true,,https://cdn.shopify.com/s/files/1/0578/5069/1767/products/474bf8aec6e0f5fdbde6a179bd86acf9.jpg?v=1623860314,4,,,,,,,,,,,,,,,,,,,lb,,,
vans-old-skool-butterfly-true-white-black,,,,,,,,8,,white,,,VN-08-white-8,0.0,shopify,1,deny,manual,129.95,,true,true,,https://cdn.shopify.com/s/files/1/0578/5069/1767/products/dd3fcc9e9135bc10a57463bc532f7858.jpg?v=1623860314,5,,,,,,,,,,,,,,,,,,,lb,,,
vans-old-skool-butterfly-true-white-black,,,,,,,,9,,white,,,VN-08-white-9,0.0,shopify,11,deny,manual,129.95,,true,true,,,,,,,,,,,,,,,,,,,,,,lb,,,
vans-classic-slip-on-perforated-suede,VANS | CLASSIC SLIP-ON (PERFORATED SUEDE),"<p>The Perforated Suede Classic Slip-On features low profile slip-on perforated suede uppers,, padded collars, elastic side accents, and signature rubber waffle outsoles.</p>",VANS,SHOES,"egnition-sample-data, men, summer, vans",true,Size,4,Color,beige,,,VN-09-beige-4,0.0,shopify,9,deny,manual,119.95,,true,true,,https://cdn.shopify.com/s/files/1/0578/5069/1767/products/d0fb461a3a28439eb5a45b2e2fb232bb.jpg?v=1623860309,1,,false,,,,,,,,,,,,,,,,,lb,,,active
vans-classic-slip-on-perforated-suede,,,,,,,,5,,beige,,,VN-09-beige-5,0.0,shopify,18,deny,manual,119.95,,true,true,,https://cdn.shopify.com/s/files/1/0578/5069/1767/products/ef0dd8033f11f8685ea287e35c9af258.jpg?v=1623860309,2,,,,,,,,,,,,,,,,,,,lb,,,
vans-classic-slip-on-perforated-suede,,,,,,,,6,,beige,,,VN-09-beige-6,0.0,shopify,17,deny,manual,119.95,,true,true,,https://cdn.shopify.com/s/files/1/0578/5069/1767/products/a8433b27433c750dabc5c2ffee71a7d8.jpg?v=1623860309,3,,,,,,,,,,,,,,,,,,,lb,,,
vans-classic-slip-on-perforated-suede,,,,,,,,7,,beige,,,VN-09-beige-7,0.0,shopify,8,deny,manual,119.95,,true,true,,https://cdn.shopify.com/s/files/1/0578/5069/1767/products/a3ae47694220cefcf42599af62a03919.jpg?v=1623860309,4,,,,,,,,,,,,,,,,,,,lb,,,
vans-classic-slip-on-perforated-suede,,,,,,,,8,,beige,,,VN-09-beige-8,0.0,shopify,19,deny,manual,119.95,,true,true,,https://cdn.shopify.com/s/files/1/0578/5069/1767/products/b94adbe2e88cdd487fc6dd796c28d617.jpg?v=1623860309,5,,,,,,,,,,,,,,,,,,,lb,,,
vans-classic-slip-on-perforated-suede,,,,,,,,9,,beige,,,VN-09-beige-9,0.0,shopify,8,deny,manual,119.95,,true,true,,,,,,,,,,,,,,,,,,,,,,lb,,,
timberland-mens-6-inch-premium-boot,TIMBERLAND | MENS 6 INCH PREMIUM BOOT,"<p>Timberland has been refining their craft of producing hard-wearing boots for decades. The 6-Inch Premium Waterproof Boot (or Wheat Boot) is the original men's Timberland boot and was first designed nearly 40 years ago. Continuous improvements to the design and construction, such as the addition of Timberland's exclusive anti-fatigue technology for all day comfort, has cemented these boots as a sturdy and dependable staple in anyone's shoe collection. The premium waterproof leather, seam-sealed construction and rugged lug outsoles provides long-lasting durability and comfort to help you get through any environmental conditions and adventure. An absolute must-have.</p>",TIMBERLAND,SHOES,"egnition-sample-data, men, timberland, winter",true,Size,7,Color,yellow,,,TM-01-yellow-7,0.0,shopify,3,deny,manual,299.95,,true,true,,https://cdn.shopify.com/s/files/1/0578/5069/1767/products/d610851e0277cdfbe3402e03be2effd2.jpg?v=1623860304,1,,false,,,,,,,,,,,,,,,,,lb,,,active
timberland-mens-6-inch-premium-boot,,,,,,,,8,,yellow,,,TM-01-yellow-8,0.0,shopify,16,deny,manual,299.95,,true,true,,https://cdn.shopify.com/s/files/1/0578/5069/1767/products/e90ae3bb88769a8dedb76a93953d0471.jpg?v=1623860304,2,,,,,,,,,,,,,,,,,,,lb,,,
timberland-mens-6-inch-premium-boot,,,,,,,,9,,yellow,,,TM-01-yellow-9,0.0,shopify,0,deny,manual,299.95,,true,true,,https://cdn.shopify.com/s/files/1/0578/5069/1767/products/5ad155a45244156a291e25edd17ee672.jpg?v=1623860304,3,,,,,,,,,,,,,,,,,,,lb,,,
timberland-mens-6-inch-premium-boot,,,,,,,,10,,yellow,,,TM-01-yellow-10,0.0,shopify,8,deny,manual,299.95,,true,true,,https://cdn.shopify.com/s/files/1/0578/5069/1767/products/e8d7ac1e388fb10ed31fbfe440d274ee.jpg?v=1623860304,4,,,,,,,,,,,,,,,,,,,lb,,,
timberland-mens-6-inch-premium-boot,,,,,,,,11,,yellow,,,TM-01-yellow-11,0.0,shopify,7,deny,manual,299.95,,true,true,,https://cdn.shopify.com/s/files/1/0578/5069/1767/products/49e74b9c5a0231a4cbca1c04b0fc79f6.jpg?v=1623860304,5,,,,,,,,,,,,,,,,,,,lb,,,
timberland-mens-6-inch-premium-boot,,,,,,,,12,,yellow,,,TM-01-yellow-12,0.0,shopify,3,deny,manual,299.95,,true,true,,,,,,,,,,,,,,,,,,,,,,lb,,,
timberland-mens-6-inch-premium-boot,,,,,,,,13,,yellow,,,TM-01-yellow-13,0.0,shopify,7,deny,manual,299.95,,true,true,,,,,,,,,,,,,,,,,,,,,,lb,,,
timberland-mens-6-inch-premium-boot,,,,,,,,14,,yellow,,,TM-01-yellow-14,0.0,shopify,18,deny,manual,299.95,,true,true,,,,,,,,,,,,,,,,,,,,,,lb,,,
timberland-mens-6-inch-premium-boot,,,,,,,,15,,yellow,,,TM-01-yellow-15,0.0,shopify,18,deny,manual,299.95,,true,true,,,,,,,,,,,,,,,,,,,,,,lb,,,
nike-crackle-print-tb-tee,NIKE | CRACKLE PRINT TB TEE,"<p>Meet your new favorite tee, the Nike Crackle Print T-Shirt. Bringing its A-game in soft, premium fabric, it features a ribbed crew neck and a woven Nike label on the hem.</p>",NIKE,T-SHIRTS,"egnition-sample-data, men, nike, summer",true,Size,s,Color,blue,,,NK-01-blue-s,0.0,shopify,11,deny,manual,40.00,,true,true,,https://cdn.shopify.com/s/files/1/0578/5069/1767/products/62a3dd0421fc5ccf4df6815b3694d734.jpg?v=1623860299,1,,false,,,,,,,,,,,,,,,,,lb,,,active
nike-crackle-print-tb-tee,,,,,,,,m,,blue,,,NK-01-blue-m,0.0,shopify,17,deny,manual,40.00,,true,true,,https://cdn.shopify.com/s/files/1/0578/5069/1767/products/ef0746b3c879000196dfce266154b537.jpg?v=1623860299,2,,,,,,,,,,,,,,,,,,,lb,,,
nike-crackle-print-tb-tee,,,,,,,,l,,blue,,,NK-01-blue-l,0.0,shopify,15,deny,manual,40.00,,true,true,,https://cdn.shopify.com/s/files/1/0578/5069/1767/products/544c0236ac6a8def363f3db689aacf08.jpg?v=1623860299,3,,,,,,,,,,,,,,,,,,,lb,,,
nike-crackle-print-tb-tee,,,,,,,,xl,,blue,,,NK-01-blue-xl,0.0,shopify,20,deny,manual,40.00,,true,true,,,,,,,,,,,,,,,,,,,,,,lb,,,
dr-martens-1461-dmc-3-eye-shoe-black-smooth,DR MARTENS | 1461 DMC 3-EYE SHOE | BLACK SMOOTH,"<p>Make a statement with the iconic Dr Marten's 1461Z DMC 3-Eye shoe. Stamped with Docs trademade look, this lace-up shoe is crafted with high-quality, durable smooth leather, and has been made to last. This unique shoe features an air-cushioned sole offering good abrasion and slip resistance, and is made with Goodyear welt - the sole and upper are heat-sealed and sewn together.</p>",DR MARTENS,SHOES,"autumn, drmartens, egnition-sample-data, spring, women",true,Size,5,Color,black,,,DM-01-black-5,0.0,shopify,2,deny,manual,229.00,,true,true,,https://cdn.shopify.com/s/files/1/0578/5069/1767/products/141e61b24821f6212219a381ed19ac8a.jpg?v=1623860294,1,,false,,,,,,,,,,,,,,,,,lb,,,active
dr-martens-1461-dmc-3-eye-shoe-black-smooth,,,,,,,,6,,black,,,DM-01-black-6,0.0,shopify,11,deny,manual,229.00,,true,true,,https://cdn.shopify.com/s/files/1/0578/5069/1767/products/32a3557bccae4e2f615726a1aa7550fb.jpg?v=1623860294,2,,,,,,,,,,,,,,,,,,,lb,,,
dr-martens-1461-dmc-3-eye-shoe-black-smooth,,,,,,,,7,,black,,,DM-01-black-7,0.0,shopify,14,deny,manual,229.00,,true,true,,https://cdn.shopify.com/s/files/1/0578/5069/1767/products/609ed43084a591eddac8bcf740787215.jpg?v=1623860294,3,,,,,,,,,,,,,,,,,,,lb,,,
dr-martens-1461-dmc-3-eye-shoe-black-smooth,,,,,,,,8,,black,,,DM-01-black-8,0.0,shopify,11,deny,manual,229.00,,true,true,,https://cdn.shopify.com/s/files/1/0578/5069/1767/products/ec797abd9582e4b22cda99a72fb14b76.jpg?v=1623860294,4,,,,,,,,,,,,,,,,,,,lb,,,
dr-martens-1461-dmc-3-eye-shoe-black-smooth,,,,,,,,9,,black,,,DM-01-black-9,0.0,shopify,3,deny,manual,229.00,,true,true,,,,,,,,,,,,,,,,,,,,,,lb,,,
dr-martens-1461-dmc-3-eye-shoe-black-smooth,,,,,,,,10,,black,,,DM-01-black-10,0.0,shopify,8,deny,manual,229.00,,true,true,,,,,,,,,,,,,,,,,,,,,,lb,,,
dr-martens-1461-dmc-3-eye-shoe-black-smooth,,,,,,,,11,,black,,,DM-01-black-11,0.0,shopify,13,deny,manual,229.00,,true,true,,,,,,,,,,,,,,,,,,,,,,lb,,,
dr-martens-1461-dmc-3-eye-shoe-black-smooth,,,,,,,,12,,black,,,DM-01-black-12,0.0,shopify,8,deny,manual,229.00,,true,true,,,,,,,,,,,,,,,,,,,,,,lb,,,
dr-martens-cavendish-3-eye-shoe-black,DR MARTENS | CAVENDISH 3-EYE SHOE BLACK,"<p>Make a statement with the Dr Marten's Cavendish 3-Eye shoe. Stamped with Docs trademade look, this lace-up shoe is crafted with high-quality, durable smooth leather, and has been made to last. This unique shoe features an air-cushioned sole offering good abrasion and slip resistance, and is made with Goodyear welt - the sole and upper are heat-sealed and sewn together.</p>",DR MARTENS,SHOES,"autumn, drmartens, egnition-sample-data, women",true,Size,4,Color,black,,,DM-02-black-4,0.0,shopify,16,deny,manual,229.00,,true,true,,https://cdn.shopify.com/s/files/1/0578/5069/1767/products/8d7a6c39d295441c940cb2bacfd34794.jpg?v=1623860289,1,,false,,,,,,,,,,,,,,,,,lb,,,active
dr-martens-cavendish-3-eye-shoe-black,,,,,,,,5,,black,,,DM-02-black-5,0.0,shopify,1,deny,manual,229.00,,true,true,,https://cdn.shopify.com/s/files/1/0578/5069/1767/products/5e9b81fa0cc9e624f05135f9d6a5e9c6.jpg?v=1623860289,2,,,,,,,,,,,,,,,,,,,lb,,,
dr-martens-cavendish-3-eye-shoe-black,,,,,,,,6,,black,,,DM-02-black-6,0.0,shopify,14,deny,manual,229.00,,true,true,,https://cdn.shopify.com/s/files/1/0578/5069/1767/products/c89d6c41716d18d35a319b2fc9076f00.jpg?v=1623860289,3,,,,,,,,,,,,,,,,,,,lb,,,
dr-martens-cavendish-3-eye-shoe-black,,,,,,,,7,,black,,,DM-02-black-7,0.0,shopify,12,deny,manual,229.00,,true,true,,https://cdn.shopify.com/s/files/1/0578/5069/1767/products/f531a2e3638b96c7dfbb8996be358a71.jpg?v=1623860290,4,,,,,,,,,,,,,,,,,,,lb,,,
dr-martens-cavendish-3-eye-shoe-black,,,,,,,,8,,black,,,DM-02-black-8,0.0,shopify,11,deny,manual,229.00,,true,true,,https://cdn.shopify.com/s/files/1/0578/5069/1767/products/6fa35f6e73c14056c983b3779f4933b8.jpg?v=1623860290,5,,,,,,,,,,,,,,,,,,,lb,,,
dr-martens-cavendish-3-eye-shoe-black,,,,,,,,9,,black,,,DM-02-black-9,0.0,shopify,1,deny,manual,229.00,,true,true,,,,,,,,,,,,,,,,,,,,,,lb,,,
dr-martens-1460z-dmc-8-eye-boot-cherry-smooth,DR MARTENS | 1460Z DMC 8-EYE BOOT | CHERRY SMOOTH,"<p>Make a statement with these iconic Dr Marten boots. This classic style has stood the test of time thanks to the combination of reinvented styling and the rugged yet urban look. Crafted with high-quality, durable leathers, the 1460OZ DMC 8-Eye Boot Cherry Smooth is made to last and will only get better with time. This lace-up boot features the iconic Dr Martens air-cushioned sole offering good abrasion and slip resistance, and is made with Goodyear welt - the sole and upper are heat-sealed and sewn together.</p>",DR MARTENS,SHOES,"autumn, drmartens, egnition-sample-data, spring, women",true,Size,3,Color,red,,,DM-03-red-3,0.0,shopify,20,deny,manual,249.00,,true,true,,https://cdn.shopify.com/s/files/1/0578/5069/1767/products/633e8800dbc6dc5704b35fd027e4eeaa.jpg?v=1623860282,1,,false,,,,,,,,,,,,,,,,,lb,,,active
dr-martens-1460z-dmc-8-eye-boot-cherry-smooth,,,,,,,,4,,red,,,DM-03-red-4,0.0,shopify,9,deny,manual,249.00,,true,true,,https://cdn.shopify.com/s/files/1/0578/5069/1767/products/03b22296d47b97717f066ad08efa188a.jpg?v=1623860282,2,,,,,,,,,,,,,,,,,,,lb,,,
dr-martens-1460z-dmc-8-eye-boot-cherry-smooth,,,,,,,,5,,red,,,DM-03-red-5,0.0,shopify,9,deny,manual,249.00,,true,true,,https://cdn.shopify.com/s/files/1/0578/5069/1767/products/46bfe44252168c8026e3f193a9cae058.jpg?v=1623860282,3,,,,,,,,,,,,,,,,,,,lb,,,
dr-martens-1460z-dmc-8-eye-boot-cherry-smooth,,,,,,,,6,,red,,,DM-03-red-6,0.0,shopify,8,deny,manual,249.00,,true,true,,https://cdn.shopify.com/s/files/1/0578/5069/1767/products/908519f7cd4790765ebf6f2c88d5275a.jpg?v=1623860282,4,,,,,,,,,,,,,,,,,,,lb,,,
dr-martens-1460z-dmc-8-eye-boot-cherry-smooth,,,,,,,,7,,red,,,DM-03-red-7,0.0,shopify,4,deny,manual,249.00,,true,true,,https://cdn.shopify.com/s/files/1/0578/5069/1767/products/f4ee52a9e1ea7d0c5b959fe475d2418f.jpg?v=1623860282,5,,,,,,,,,,,,,,,,,,,lb,,,
dr-martens-1460z-dmc-8-eye-boot-cherry-smooth,,,,,,,,8,,red,,,DM-03-red-8,0.0,shopify,7,deny,manual,249.00,,true,true,,,,,,,,,,,,,,,,,,,,,,lb,,,
dr-martens-1460z-dmc-8-eye-boot-cherry-smooth,,,,,,,,10,,red,,,DM-03-red-10,0.0,shopify,17,deny,manual,249.00,,true,true,,,,,,,,,,,,,,,,,,,,,,lb,,,
dr-martens-1460z-dmc-8-eye-boot-cherry-smooth,,,,,,,,11,,red,,,DM-03-red-11,0.0,shopify,12,deny,manual,249.00,,true,true,,,,,,,,,,,,,,,,,,,,,,lb,,,
dr-martens-1460z-dmc-8-eye-boot-cherry-smooth,,,,,,,,12,,red,,,DM-03-red-12,0.0,shopify,16,deny,manual,249.00,,true,true,,,,,,,,,,,,,,,,,,,,,,lb,,,
dr-martens-1460z-dmc-8-eye-boot-cherry-smooth,,,,,,,,13,,red,,,DM-03-red-13,0.0,shopify,6,deny,manual,249.00,,true,true,,,,,,,,,,,,,,,,,,,,,,lb,,,
dr-martens-1460z-dmc-8-eye-boot-cherry-smooth,,,,,,,,15,,red,,,DM-03-red-15,0.0,shopify,18,deny,manual,249.00,,true,true,,,,,,,,,,,,,,,,,,,,,,lb,,,
converse-chuck-taylor-all-star-lo,CONVERSE | CHUCK TAYLOR ALL STAR LO,"<p>The Converse Chuck Taylor All Star II Lo sneaker. Retaining the revolutionary silhouette we all rely on, but now made even better. New features include Lunarlon sockliner, adding cushioning and arch support. Micro-suede lining, premium canvas construction and a padded, non-slip tongue deliver superior comfort and durability. Moulded eyelets add a premium touch. The embossed, screen-printed license plate and embroidered, star-centered ankle patch add striking depth and dimension to recognizable, classic details.</p>",CONVERSE,SHOES,"converse, egnition-sample-data, men, summer",true,Size,3,Color,white,,,C-01-white-3,0.0,shopify,1,deny,manual,100.00,,true,true,,https://cdn.shopify.com/s/files/1/0578/5069/1767/products/fae150570c8ce6ddc4f787bf77b02c95.jpg?v=1623860276,1,,false,,,,,,,,,,,,,,,,,lb,,,active
converse-chuck-taylor-all-star-lo,,,,,,,,4,,white,,,C-01-white-4,0.0,shopify,19,deny,manual,100.00,,true,true,,https://cdn.shopify.com/s/files/1/0578/5069/1767/products/c7ba291151a4993bca678f735fbe78b4.jpg?v=1623860276,2,,,,,,,,,,,,,,,,,,,lb,,,
converse-chuck-taylor-all-star-lo,,,,,,,,5,,white,,,C-01-white-5,0.0,shopify,5,deny,manual,100.00,,true,true,,https://cdn.shopify.com/s/files/1/0578/5069/1767/products/1b19e25fcdd1d5f8a4aa625c02f0e04c.jpg?v=1623860276,3,,,,,,,,,,,,,,,,,,,lb,,,
converse-chuck-taylor-all-star-lo,,,,,,,,6,,white,,,C-01-white-6,0.0,shopify,16,deny,manual,100.00,,true,true,,https://cdn.shopify.com/s/files/1/0578/5069/1767/products/e1a602299eadb59238aecf3781d184b7.jpg?v=1623860276,4,,,,,,,,,,,,,,,,,,,lb,,,
converse-chuck-taylor-all-star-lo,,,,,,,,7,,white,,,C-01-white-7,0.0,shopify,8,deny,manual,100.00,,true,true,,https://cdn.shopify.com/s/files/1/0578/5069/1767/products/6d8a2bfbdcd51482a2b0eaac948acd21.jpg?v=1623860276,5,,,,,,,,,,,,,,,,,,,lb,,,
converse-chuck-taylor-all-star-lo,,,,,,,,8,,white,,,C-01-white-8,0.0,shopify,17,deny,manual,100.00,,true,true,,,,,,,,,,,,,,,,,,,,,,lb,,,
converse-chuck-taylor-all-star-lo,,,,,,,,9,,white,,,C-01-white-9,0.0,shopify,14,deny,manual,100.00,,true,true,,,,,,,,,,,,,,,,,,,,,,lb,,,
converse-chuck-taylor-all-star-lo,,,,,,,,10,,white,,,C-01-white-10,0.0,shopify,0,deny,manual,100.00,,true,true,,,,,,,,,,,,,,,,,,,,,,lb,,,
converse-chuck-taylor-all-star-lo,,,,,,,,11,,white,,,C-01-white-11,0.0,shopify,20,deny,manual,100.00,,true,true,,,,,,,,,,,,,,,,,,,,,,lb,,,
converse-chuck-taylor-all-star-lo,,,,,,,,12,,white,,,C-01-white-12,0.0,shopify,20,deny,manual,100.00,,true,true,,,,,,,,,,,,,,,,,,,,,,lb,,,
converse-chuck-taylor-all-star-lo,,,,,,,,13,,white,,,C-01-white-13,0.0,shopify,16,deny,manual,100.00,,true,true,,,,,,,,,,,,,,,,,,,,,,lb,,,
converse-chuck-taylor-all-star-ii-hi,CONVERSE | CHUCK TAYLOR ALL STAR II HI,"<p>Introducing the Converse Chuck Taylor All Star II Hi sneaker. Retaining the revolutionary silhouette we all rely on, but now made ever better. New features include Lunarlon sockliner adds cushioning and arch support. Micro-suede lining, premium textured shield canvas construction and a padded, non-slip tongue deliver superior comfort and durability. Moulded eyelets add a premium touch. The embossed, screen-printed license plate and embroidered, star-centered ankle patch add striking depth and dimension to recognizable, classic details.</p>",CONVERSE,SHOES,"converse, egnition-sample-data, men, summer",true,Size,4,Color,black,,,C-02-black-4,0.0,shopify,18,deny,manual,140.00,,true,true,,https://cdn.shopify.com/s/files/1/0578/5069/1767/products/23550440c4ccab05e4fc1ebd85e742cc.jpg?v=1623860271,1,,false,,,,,,,,,,,,,,,,,lb,,,active
converse-chuck-taylor-all-star-ii-hi,,,,,,,,5,,black,,,C-02-black-5,0.0,shopify,0,deny,manual,140.00,,true,true,,https://cdn.shopify.com/s/files/1/0578/5069/1767/products/e4bd9a72977ef0e6f32322165f28d49e.jpg?v=1623860271,2,,,,,,,,,,,,,,,,,,,lb,,,
converse-chuck-taylor-all-star-ii-hi,,,,,,,,6,,black,,,C-02-black-6,0.0,shopify,19,deny,manual,140.00,,true,true,,https://cdn.shopify.com/s/files/1/0578/5069/1767/products/3a173ea06223afea8ddebf0ac5d50377.jpg?v=1623860271,3,,,,,,,,,,,,,,,,,,,lb,,,
converse-chuck-taylor-all-star-ii-hi,,,,,,,,7,,black,,,C-02-black-7,0.0,shopify,4,deny,manual,140.00,,true,true,,https://cdn.shopify.com/s/files/1/0578/5069/1767/products/3bf0245b901dd69d0cb873a8540b2a82.jpg?v=1623860271,4,,,,,,,,,,,,,,,,,,,lb,,,
converse-chuck-taylor-all-star-ii-hi,,,,,,,,9,,black,,,C-02-black-9,0.0,shopify,14,deny,manual,140.00,,true,true,,https://cdn.shopify.com/s/files/1/0578/5069/1767/products/78fd46fb89e820a895e55283ee11fea3.jpg?v=1623860271,5,,,,,,,,,,,,,,,,,,,lb,,,
converse-chuck-taylor-all-star-ii-hi,,,,,,,,11,,black,,,C-02-black-11,0.0,shopify,5,deny,manual,140.00,,true,true,,,,,,,,,,,,,,,,,,,,,,lb,,,
converse-chuck-taylor-all-star-ii-hi,,,,,,,,13,,black,,,C-02-black-13,0.0,shopify,7,deny,manual,140.00,,true,true,,,,,,,,,,,,,,,,,,,,,,lb,,,
converse-toddler-chuck-taylor-all-star-axel-mid,CONVERSE | TODDLER CHUCK TAYLOR ALL STAR AXEL MID,"<p>The Converse Chuck Taylor All Star Axel recasts the iconic original in a refreshed silhouette for a premium look and feel. A no-tie design lets kids slip them on and go, while a rubber outsole delivers reliable traction from the classroom to the playground.</p>",CONVERSE,SHOES,"converse, egnition-sample-data, kid",true,Size,5,Color,black,,,C-03-black-5,0.0,shopify,6,deny,manual,70.00,,true,true,,https://cdn.shopify.com/s/files/1/0578/5069/1767/products/9e0022e2f92e19ed96c8f908f2cf1b40.jpg?v=1623860266,1,,false,,,,,,,,,,,,,,,,,lb,,,active
converse-toddler-chuck-taylor-all-star-axel-mid,,,,,,,,6,,black,,,C-03-black-6,0.0,shopify,19,deny,manual,70.00,,true,true,,https://cdn.shopify.com/s/files/1/0578/5069/1767/products/ccb1295a4de27c9e22baa70f93c80e11.jpg?v=1623860266,2,,,,,,,,,,,,,,,,,,,lb,,,
converse-toddler-chuck-taylor-all-star-axel-mid,,,,,,,,7,,black,,,C-03-black-7,0.0,shopify,4,deny,manual,70.00,,true,true,,https://cdn.shopify.com/s/files/1/0578/5069/1767/products/a1c5f2b0c38389be8616b23b4809d1eb.jpg?v=1623860266,3,,,,,,,,,,,,,,,,,,,lb,,,
converse-toddler-chuck-taylor-all-star-axel-mid,,,,,,,,8,,black,,,C-03-black-8,0.0,shopify,14,deny,manual,70.00,,true,true,,https://cdn.shopify.com/s/files/1/0578/5069/1767/products/e80b902b3f4690444edb80c1462b262c.jpg?v=1623860266,4,,,,,,,,,,,,,,,,,,,lb,,,
converse-toddler-chuck-taylor-all-star-axel-mid,,,,,,,,9,,black,,,C-03-black-9,0.0,shopify,19,deny,manual,70.00,,true,true,,https://cdn.shopify.com/s/files/1/0578/5069/1767/products/d6b14300fa5787e09152538830682ce3.jpg?v=1623860266,5,,,,,,,,,,,,,,,,,,,lb,,,
nike-toddler-roshe-one,NIKE | TODDLER ROSHE ONE,"<p>The Nike Roshe One Infant Shoe offers breathable comfort and soft yet durable cushioning with a mesh upper and Phylon midsole that doubles as an outsole. The shoe is intended to be versatile, worn with or without socks, dressed up or down, for walking or just taking it easy.</p>",NIKE,SHOES,"egnition-sample-data, kid, nike",true,Size,4,Color,black,,,NK-02-black-4,0.0,shopify,0,deny,manual,70.00,,true,true,,https://cdn.shopify.com/s/files/1/0578/5069/1767/products/0ea90fb43c087d165cbf985098cc951e.jpg?v=1623860262,1,,false,,,,,,,,,,,,,,,,,lb,,,active
nike-toddler-roshe-one,,,,,,,,7,,black,,,NK-02-black-7,0.0,shopify,19,deny,manual,70.00,,true,true,,https://cdn.shopify.com/s/files/1/0578/5069/1767/products/8eeca51f9690c7d3a450ac1afce12447.jpg?v=1623860262,2,,,,,,,,,,,,,,,,,,,lb,,,
nike-toddler-roshe-one,,,,,,,,,,,,,,,,,,,,,,,,https://cdn.shopify.com/s/files/1/0578/5069/1767/products/e62b9da2f06b91ca1e2ef42437cfd265.jpg?v=1623860262,3,,,,,,,,,,,,,,,,,,,,,,
nike-toddler-roshe-one,,,,,,,,,,,,,,,,,,,,,,,,https://cdn.shopify.com/s/files/1/0578/5069/1767/products/46a7bbc695d01a6b0e5fee283cbfba99.jpg?v=1623860262,4,,,,,,,,,,,,,,,,,,,,,,
nike-toddler-roshe-one,,,,,,,,,,,,,,,,,,,,,,,,https://cdn.shopify.com/s/files/1/0578/5069/1767/products/986a2b052ada03689c1c0a576fd00d94.jpg?v=1623860262,5,,,,,,,,,,,,,,,,,,,,,,
adidas-kids-stan-smith,ADIDAS | KID'S STAN SMITH,"<p>The Stan Smith owned the tennis court in the '70s. Today it runs the streets with the same clean, classic style. These kids' shoes preserve the iconic look of the original, made in leather with punched 3-Stripes, heel and tongue logos and lightweight step-in cushioning.</p>",ADIDAS,SHOES,"adidas, egnition-sample-data, kid",true,Size,1,Color,white,,,AD-02-white-1,0.0,shopify,7,deny,manual,90.00,,true,true,,https://cdn.shopify.com/s/files/1/0578/5069/1767/products/7883dc186e15bf29dad696e1e989e914-removebg-preview.png?v=1624473420,1,,false,,,,,,,,,,,,,,,,,lb,,,active
adidas-kids-stan-smith,,,,,,,,2,,white,,,AD-02-white-2,0.0,shopify,0,deny,manual,90.00,,true,true,,https://cdn.shopify.com/s/files/1/0578/5069/1767/products/6216e82660d881e6f2b0e46dc3f8844a-removebg-preview.png?v=1624473420,2,,,,,,,,,,,,,,,,,,,lb,,,
adidas-kids-stan-smith,,,,,,,,,,,,,,,,,,,,,,,,https://cdn.shopify.com/s/files/1/0578/5069/1767/products/2e1f72987692d2dcc3c02be2f194d6c5-removebg-preview.png?v=1624473420,3,,,,,,,,,,,,,,,,,,,,,,
adidas-kids-stan-smith,,,,,,,,,,,,,,,,,,,,,,,,https://cdn.shopify.com/s/files/1/0578/5069/1767/products/8cd561824439482e3cea5ba8e3a6e2f6-removebg-preview.png?v=1624473420,4,,,,,,,,,,,,,,,,,,,,,,
adidas-kids-stan-smith,,,,,,,,,,,,,,,,,,,,,,,,https://cdn.shopify.com/s/files/1/0578/5069/1767/products/e5247cc373e3b61f18013282a6d9c3c0-removebg-preview.png?v=1624473411,5,,,,,,,,,,,,,,,,,,,,,,
vans-apparel-and-accessories-classic-super-no-show-socks-3-pack-white,VANS APPAREL AND ACCESSORIES | CLASSIC SUPER NO SHOW SOCKS 3 PACK WHITE,<p>The classic super no show socks are for all your low top shoes like Classic Slip-Ons. These socks are designed to stay hidden under your shoes for an athletic look with either jeans or shorts. Thin walled breathable cotton/nylon blend.</p>,VANS,ACCESSORIES,"egnition-sample-data, unisex, vans",true,Size,9.5-13,Color,white,,,VN-10-white-9.5-13,0.0,shopify,3,deny,manual,19.95,,true,true,,https://cdn.shopify.com/s/files/1/0578/5069/1767/products/ccba62c19289e4b5f14b180c05836614.jpg?v=1623860253,1,,false,,,,,,,,,,,,,,,,,lb,,,active
vans-apparel-and-accessories-classic-super-no-show-socks-3-pack-white,,,,,,,,,,,,,,,,,,,,,,,,https://cdn.shopify.com/s/files/1/0578/5069/1767/products/c872c818621155d8fb535ee9d9c98803.jpg?v=1623860253,2,,,,,,,,,,,,,,,,,,,,,,
herschel-iona,HERSCHEL | IONA,"<p>Featuring a cinch closure concealed by a slender top flap, the Iona backpack unites everyday practicality with clean design.</p>",HERSCHEL,ACCESSORIES,"backpack, egnition-sample-data, herschel",true,Size,OS,Color,black,,,H-01-black-OS,0.0,shopify,11,deny,manual,119.95,,true,true,,https://cdn.shopify.com/s/files/1/0578/5069/1767/products/995988006b97471478db3371d573bfaf.jpg?v=1623860251,1,,false,,,,,,,,,,,,,,,,,lb,,,active
herschel-iona,,,,,,,,,,,,,,,,,,,,,,,,https://cdn.shopify.com/s/files/1/0578/5069/1767/products/b0ab17055d14298b4adb7499b23cb0bd.jpg?v=1623860251,2,,,,,,,,,,,,,,,,,,,,,,
herschel-iona,,,,,,,,,,,,,,,,,,,,,,,,https://cdn.shopify.com/s/files/1/0578/5069/1767/products/97da9be116d931319e458251c546a8cc.jpg?v=1623860251,3,,,,,,,,,,,,,,,,,,,,,,
herschel-iona,,,,,,,,,,,,,,,,,,,,,,,,https://cdn.shopify.com/s/files/1/0578/5069/1767/products/fde9f9b5276e4fa87968fcced7d2b254.jpg?v=1623860251,4,,,,,,,,,,,,,,,,,,,,,,
flex-fit-mini-ottoman-black,FLEX FIT | MINI OTTOMAN BLACK,<p>Flexfit Mini Ottoman Cap</p>,FLEX FIT,ACCESSORIES,"egnition-sample-data, flex-fit, men",true,Size,s,Color,black,,,FF-01-black-s,0.0,shopify,3,deny,manual,29.99,,true,true,,https://cdn.shopify.com/s/files/1/0578/5069/1767/products/6170fd62b8ebee856d0cbdeac874abfd.jpg?v=1623860247,1,,false,,,,,,,,,,,,,,,,,lb,,,active
flex-fit-mini-ottoman-black,,,,,,,,m,,black,,,FF-01-black-m,0.0,shopify,14,deny,manual,29.99,,true,true,,https://cdn.shopify.com/s/files/1/0578/5069/1767/products/47698bde92b6be2114ca1ac014e7d5cf.jpg?v=1623860247,2,,,,,,,,,,,,,,,,,,,lb,,,
flex-fit-mini-ottoman-black,,,,,,,,l,,black,,,FF-01-black-l,0.0,shopify,16,deny,manual,29.99,,true,true,,https://cdn.shopify.com/s/files/1/0578/5069/1767/products/2406ea4db27c3e7bbc7f77d9d6ce1fa8.jpg?v=1623860247,3,,,,,,,,,,,,,,,,,,,lb,,,
flex-fit-mini-ottoman-black,,,,,,,,xl,,black,,,FF-01-black-xl,0.0,shopify,12,deny,manual,29.99,,true,true,,https://cdn.shopify.com/s/files/1/0578/5069/1767/products/3f1610213c3029bbf6f050505fc02823.jpg?v=1623860247,4,,,,,,,,,,,,,,,,,,,lb,,,
nike-swoosh-pro-flat-peak-cap,NIKE | SWOOSH PRO FLAT PEAK CAP,<p>The Nike Swoosh Pro Flat Snapback features an embroidered logo for style and wool construction with an adjustable closure for a comfortable fit.</p>,NIKE,ACCESSORIES,"cap, egnition-sample-data, nike",true,Size,OS,Color,white,,,NK-03-white-OS,0.0,shopify,18,deny,manual,30.00,,true,true,,https://cdn.shopify.com/s/files/1/0578/5069/1767/products/58262e66c5e9731050280eb16880d5a4.jpg?v=1623860244,1,,false,,,,,,,,,,,,,,,,,lb,,,active
nike-swoosh-pro-flat-peak-cap,,,,,,,,,,,,,,,,,,,,,,,,https://cdn.shopify.com/s/files/1/0578/5069/1767/products/0c431da3011f1bc086cb561266367207.jpg?v=1623860244,2,,,,,,,,,,,,,,,,,,,,,,
nike-swoosh-pro-flat-peak-cap,,,,,,,,,,,,,,,,,,,,,,,,https://cdn.shopify.com/s/files/1/0578/5069/1767/products/93c1c61ff207aac853d1f482e03fcd3c.jpg?v=1623860244,3,,,,,,,,,,,,,,,,,,,,,,
nike-swoosh-pro-flat-peak-cap,,,,,,,,,,,,,,,,,,,,,,,,https://cdn.shopify.com/s/files/1/0578/5069/1767/products/c1a864cb74de0e0fd0004872d6a00edd.jpg?v=1623860244,4,,,,,,,,,,,,,,,,,,,,,,
adidas-classic-backpack,ADIDAS | CLASSIC BACKPACK,"<p>This women's backpack has a glam look, thanks to a faux-leather build with an allover fur print. The front zip pocket keeps small things within reach, while an interior divider reins in potential chaos.</p>",ADIDAS,ACCESSORIES,"adidas, backpack, egnition-sample-data",true,Size,OS,Color,black,,,AD-03-black-OS,0.0,shopify,2,deny,manual,70.00,,true,true,,https://cdn.shopify.com/s/files/1/0578/5069/1767/products/8a029d2035bfb80e473361dfc08449be-removebg-preview.png?v=1624471153,1,,false,,,,,,,,,,,,,,,,,lb,,,active
adidas-classic-backpack,,,,,,,,,,,,,,,,,,,,,,,,https://cdn.shopify.com/s/files/1/0578/5069/1767/products/85cc58608bf138a50036bcfe86a3a362-removebg-preview.png?v=1624471153,2,,,,,,,,,,,,,,,,,,,,,,
adidas-classic-backpack,,,,,,,,,,,,,,,,,,,,,,,,https://cdn.shopify.com/s/files/1/0578/5069/1767/products/ad50775123e20f3d1af2bd07046b777d-removebg-preview.png?v=1624471153,3,,,,,,,,,,,,,,,,,,,,,,
adidas-classic-backpack-legend-ink-multicolour,ADIDAS | CLASSIC BACKPACK | LEGEND INK MULTICOLOUR,"<p>The adidas BP Classic Cap features a pre-curved brim to keep your face shaded, while a hook-and-loop adjustable closure provides a comfortable fit. With a 3-Stripes design and reflective accents. The perfect piece to top off any outfit.</p>",ADIDAS,ACCESSORIES,"adidas, backpack, egnition-sample-data",true,Size,OS,Color,blue,,,"AD-04
-blue-OS",0.0,shopify,13,deny,manual,50.00,,true,true,,https://cdn.shopify.com/s/files/1/0578/5069/1767/products/32b3863554f4686d825d9da18a24cfc6-removebg-preview.png?v=1624473214,1,,false,,,,,,,,,,,,,,,,,lb,,,active
adidas-classic-backpack-legend-ink-multicolour,,,,,,,,,,,,,,,,,,,,,,,,https://cdn.shopify.com/s/files/1/0578/5069/1767/products/044f848776141f1024eae6c610a28d12-removebg-preview.png?v=1624473214,2,,,,,,,,,,,,,,,,,,,,,,
adidas-classic-backpack-legend-ink-multicolour,,,,,,,,,,,,,,,,,,,,,,,,https://cdn.shopify.com/s/files/1/0578/5069/1767/products/8072c8b5718306d4be25aac21836ce16-removebg-preview.png?v=1624473214,3,,,,,,,,,,,,,,,,,,,,,,
